,ID
0,M_PL_001
1,M_PL_002
2,M_PL_003
9,M_PL_004
10,M_PL_005
11,M_PL_006
12,M_PL_007
15,
16,M_PL_009
17,M_PL_010
18,M_PL_011
20,M_PL_013
21,M_PL_014
22,M_PL_015
23,M_PL_016
24,M_PL_017
25,M_PL_012
26,M_PL_018
27,M_PL_036
28,M_PL_019
29,M_PL_020
30,M_PL_021
31,M_PL_022
32,M_PL_023
35,M_PL_024
36,M_PL_025
38,M_PL_027
39,M_PL_028
40,M_PL_029
47,M_PL_030
48,M_PL_031
49,M_PL_032
50,M_PL_033
52,M_PL_035
54,M_PL_037
55,M_PL_038
56,M_PL_043
61,M_PL_040
62,M_PL_041
69,M_PL_044
70,M_PL_045
71,M_PL_046
72,M_PL_047
73,M_PL_048
76,M_PL_049
79,M_PL_052
80,M_PL_053
81,M_PL_054
82,M_PL_055
83,M_PL_056
84,M_PL_057
85,M_PL_058
86,M_PL_059
